{
	"description": "Changelog (27/05/24):<p>* Fixed Favorites Appending Oldest to Newest.<p>* Added Page Header Icon (Archive.org Logo).<p>* Added Warning Messages About Retricted Files.<p>* Fixed File Names Including the Folder Title.<p>* Added Donation Prompt for Archive.org Team.",
	"author": "F0R3V3R50F7",
	"homepage": "https://github.com/dajesusmodz/m7-plugin-internetarchive",
	"title": "Internet Archive",
	"synopsis": "Search, Save & Stream Videos / Audio from Archive.org | Donate to Archive.org if you can (Preservation of History is Important).",
	"version": "1.3",
        "file": "internetarchive.js",
	"m7Version": "7.0.0",
	"type": "ecmascript",
	"id": "internetarchive",
	"icon": "logo.png",
	"category": "video"
}