{
	"description": "Changelog (24/05/24):<p>* Fixed function 'removefromfavorites' displaying encrypted object title.<p>* Added Refresh Button to My Favorites.<p>* Fixed 'Show All' Button Icon",
	"author": "F0R3V3R50F7",
	"homepage": "https://github.com/dajesusmodz/m7-plugin-internetarchive",
	"title": "Archive.org Videos",
	"synopsis": "Search, Save & Stream Videos from Archive.org",
	"version": "1.2",
        "file": "internetarchive.js",
	"m7Version": "7.0.0",
	"type": "ecmascript",
	"id": "internetarchive",
	"icon": "logo.png",
	"category": "video"
}